customer_unique_id,total_spent,order_count,avg_spent_per_order
0a0a92112bd4c708ca5fde585afaa872,13664.08,8,1708.01
da122df9eeddfedc1dc1f5349a1a690c,7571.63,2,3785.815
763c8b1c9c68a0229c42c9fc6f662b93,7274.88,4,1818.72
dc4802a71eae9be1dd28f5d788ceb526,6929.31,1,6929.31
459bef486812aa25204be022145caa62,6922.21,1,6922.21
ff4159b92c40ebe40454e3e6a7c35ed6,6726.66,1,6726.66
4007669dec559734d6f53e029e360987,6081.54,6,1013.59
eebb5dda148d3893cdaf5b5ca3040ccb,4764.34,1,4764.34
48e1ac109decbb87765a3eade6854098,4681.78,1,4681.78
c8460e4251689ba205045f3ea17884a1,4655.88,24,193.995
edde2314c6c30e864a128ac95d6b2112,4513.32,1,4513.32
a229eba70ec1c2abef51f04987deb7a5,4445.5,2,2222.75
edf81e1f3070b9dac83ec83dacdbb9bc,4194.76,1,4194.76
fa562ef24d41361e476e748681810e1e,4175.26,1,4175.26
ca27f3dac28fb1063faddd424c9d95fa,4163.51,1,4163.51
58483a1c055dfb600f57c5b867174542,4034.44,1,4034.44
011875f0176909c5cf0b14a9138bb691,4016.9100000000003,1,4016.9100000000003
f0767ae738c3d90e7b737d7b8b8bb4d1,3979.55,1,3979.55
bc5e25094a7d51b6aee35236572e64f4,3826.8,1,3826.8
3fec1a05177762f279472253113d568a,3792.59,1,3792.59
5d09b0d82126457e2a8ebfb9c9a1ffc4,3736.22,1,3736.22
931eabdf0636b8fd60369a8d759917d6,3666.42,3,1222.14
03796b63235e0e0a299084988c662c7e,3602.47,1,3602.47
59d66d72939bc9497e19d89c61a96d5f,3559.9900000000002,2,1779.9950000000001
2c3b08cf3584d8c0a81d9618a73aa219,3526.4599999999996,1,3526.4599999999996
95a744604de66a2e40e18086e69be4f2,3406.4700000000003,1,3406.4700000000003
76a08544f95591acec0d4c976054c459,3358.24,2,1679.12
ce3fe361f9e68bf0a813baaae1334d01,3351.35,1,3351.35
7a96eb0a685f5c19b7dad29fc802aa64,3297.4,1,3297.4
9b11e010850a4045d2da80c7783fdbd1,3256.14,2,1628.07
adfa1cab2b2c8706db21bb13c0a1beb1,3242.8399999999992,6,540.4733333333332
bbeb907759ef5fc169099af3c88d535d,3209.72,1,3209.72
1b76903617af13189607a36b0469f6f3,3195.74,6,532.6233333333333
6f00d356a4be20527662aaf12116baab,3184.55,1,3184.55
46450c74a0d8c5ca9395da1daac6c120,3184.3399999999997,1,3184.3399999999997
53fb3435773a4690e56010b169ee2820,3155.82,1,3155.82
895617ab63a9ad8881d9470f7427cd25,3126.5,1,3126.5
c6111f70f40b3420e387493c627c27fa,3126.5,1,3126.5
be825ddd3b40db3f91bf05b4e9435d56,3122.72,4,780.68
f886a3f43af9ac928fbb4b56436c528c,3076.13,1,3076.13
ff0ae98646e7bbb41cf0f0d3991fef98,3048.27,1,3048.27
0f75637a7e2f7b6ae43665d1f7d0ca5d,3044.12,1,3044.12
2ae8173a688e326821403a5b7a6858c2,3042.3599999999997,1,3042.3599999999997
6172bd5b7f52ade8c6c4548b448ff54f,3041.73,1,3041.73
ea984b06b18cc6905bc2f9b0a3d1c986,3024.08,1,3024.08
ef8d54b3797ea4db1d63f0ced6a906e9,3018.600000000001,10,301.86000000000007
ee2bb06c1d3f368e92084edefb7e4b57,3016.01,1,3016.01
ae04948ad7210ea76801b331080e0b3a,3009.53,1,3009.53
4683ad127301c1bcbd601a30bb22d2ba,3005.06,1,3005.06
129bfc164612d70a040a844b887dfec5,2960.05,1,2960.05
d9f8d6be11fb416742c9e35e725303f7,2938.17,1,2938.17
5599df2eeb9e2e4f377db24e09cb976f,2913.48,2,1456.74
fff5eb4918b2bf4b2da476788d42051c,2844.96,6,474.16
c38b132f1c68c14c0d3b32e66b796eba,2838.2200000000003,1,2838.2200000000003
8ad6fdb3d658f916f444aaf55a49bb29,2828.42,1,2828.42
c21e93b1d7b7a416d0f36fa6ebc1d60a,2827,1,2827
25bedfc6317ec4a379ef49b9c1049733,2818.74,1,2818.74
34ff67eb3466a779b2f6b6fd56a3b953,2787.87,1,2787.87
81d8bf17c9e450228efeedd2603edfaa,2784.16,1,2784.16
eae0a83d752b1dd32697e0e7b4221656,2783.01,15,185.53400000000002
acc38a550c42d17125cd25c32a464d26,2759.95,1,2759.95
ec5d2f91c651ce345616c7035fab6f9d,2759.88,2,1379.94
1e7097be947ad5d0f7819bdc9d8d7d0e,2751.24,1,2751.24
0de97ff655abfc142ba6fc83e86bf082,2734.66,1,2734.66
149b43a4776ea0a773ac75bc58830fb9,2734.11,1,2734.11
13d9920a16127351540bcd95ad4643c8,2733.6299999999997,1,2733.6299999999997
fc54c2c09aee36da48881e5bf37ef795,2732.06,2,1366.03
f140f377d666848e3712b51a2734d120,2713.3599999999997,1,2713.3599999999997
5e92460d739e8dd987e279285a1d278c,2713.3599999999997,1,2713.3599999999997
bb149f7e7bfee3d984e265d0eae6181b,2681.29,1,2681.29
c949c73b1318491d6b5b117acb3e24a4,2681.29,1,2681.29
212b7cfb2631b23e85a4645a7cba1733,2647.76,1,2647.76
f44ffa618df5f8a65899275c93b14ae2,2638.64,2,1319.32
69e4e534ba5e6a8124d132b271923148,2627.0899999999997,1,2627.0899999999997
684da9ec00ee25877fe21ce197403d04,2616,1,2616
26b5839e505ee33e6a449f7c2c403f99,2607.09,3,869.0300000000001
7814db11654d2bf3b43bae828b6eee05,2606.01,1,2606.01
7386ded430d6aeb715a0d087c38a2dfe,2590.6099999999997,1,2590.6099999999997
d8f1c3ed0de527caf0a7eceeb025b583,2574.38,1,2574.38
0621cda5f3ee9a2e6f3ae6ebb5fcdbe1,2564.65,1,2564.65
02ccceb879088a0253e1e46e0200bdb8,2512.5299999999997,1,2512.5299999999997
84056c11d63b679a61f195ef043505f4,2487.2400000000002,2,1243.6200000000001
575fa0cb05146c256ec1c9d348ec0305,2480.58,3,826.86
5dff3703f9d82688ab5a1c92df1e4b18,2467.33,1,2467.33
bef3ce10ea5715fbcbcbe3b266ee94c5,2467.17,3,822.39
0bec90ebca9ff4b2b830950bb052e52d,2457.44,1,2457.44
8e07cbdbbb24328ece74135e2a81405b,2455.12,1,2455.12
d3ef55d6de8e4be1d4b905e8169224b5,2452.12,1,2452.12
d77aa95864ae5b42160937615628723a,2450.1,2,1225.05
85475e754525d6d222d917dbc8251801,2438.51,1,2438.51
24c0598e5978021ede868fbf7526544a,2429.68,1,2429.68
98133dfcdb0c24fa03c9eb4f0d69a6c4,2416,1,2416
86df00dc5fd68f4dd5d5945ca19f3ed6,2400.4800000000005,12,200.04000000000005
87070b00f89fa49dd0b01ff4bf075b8c,2389.7799999999997,1,2389.7799999999997
e3e0e9112264452e4700d977ce02a4d1,2384.5,1,2384.5
7b0eaf68a16e4808e5388c67345033c9,2340.08,2,1170.04
c53a15252bb69a238a59b79c58a84bcf,2338.48,1,2338.48
6963ee67570e4454bf00b3e5fe52f734,2337.4,1,2337.4
c01158adcf91ee8f143d12388abe5f22,2333.97,1,2333.97
e6fad5b1c79a4760aac5068d09c46535,2328.4,1,2328.4
6a71207bf8784292ad3f6e107ab57755,2325.22,1,2325.22
8bce6306eb006a2ff6135ba36d33d644,2324.99,1,2324.99
c7794313e2cd53472b116a751350f132,2323.25,1,2323.25
8a8ac60fd8ea25925f379a33ef277987,2322.32,1,2322.32
352edc42ddf92161e32abb07872de623,2315.83,1,2315.83
bd90c3e19e58ff2439e72b0554026418,2314.82,1,2314.82
00c07da5ba0e07b4f248a3a373b07476,2304.68,1,2304.68
6ddbc64bd04d40f7768ff088d94cbeb8,2299.66,2,1149.83
ec4b05ce75316354ba9b297f64377ed6,2288.31,1,2288.31
559026a1299bd2ede976c8d516d92258,2276.1000000000004,5,455.2200000000001
03adb96012772d4374285b6a701f3da9,2269.98,2,1134.99
fa094305fdb6062436c99adba7d53dde,2267.28,2,1133.64
7dd0031f1da839843abbcda4e9fb317b,2267.18,1,2267.18
a58b1fe8146940d706e5f07d73bc7d51,2264.9,1,2264.9
698e1cf81d01a3d389d96145f7fa6df8,2262.8000000000006,20,113.14000000000003
e79c794eb044c594d923722240125052,2252.66,1,2252.66
bd879722dc92d795d57264b3c1e09f6a,2241.64,2,1120.82
3d47f4368ccc8e1bb4c4a12dbda7111b,2234.6600000000003,10,223.46600000000004
10e1df2717597281c5cffa0e0a7ca7cb,2225.69,1,2225.69
1a3a962a15f8c6ee0178e1102387d3cc,2223.12,1,2223.12
9d15276f07200ca33bdd7eab12ba67ad,2220.32,1,2220.32
bd8717655febcdf30f106e9f3cb24628,2217.99,1,2217.99
14f5335a43420b92aa77e1f35ada3f42,2213.22,1,2213.22
1579133af5d1fadd0e5e37ec439ed1ec,2207.98,2,1103.99
3895f60f6e6a89e5cfb7b72ffdcdf7e0,2204.04,2,1102.02
c402f431464c72e27330a67f7b94d4fb,2202.399999999999,20,110.11999999999996
25d6024f1eadd97cf86cfcfb7e9617dd,2190.4,1,2190.4
9db254a87951220e74c58549749cf128,2187.42,1,2187.42
25d558c329b841732700cb45b86260cf,2187.42,1,2187.42
3cdadaf84a996b3f07ccfcf9796f1dfd,2183.6,1,2183.6
669e44130af1f9e6d3523ab852672374,2168.6,1,2168.6
1da09dd64e235e7c2f29a4faff33535c,2164.3999999999996,10,216.43999999999997
02e8a66528e84b3ca6150d9b1e03a26f,2158.57,1,2158.57
e0a7e61d37dd4060ab419bdb93a9f05d,2155.35,1,2155.35
60055ae4e5bdcbf7d567809728def6ed,2154.82,2,1077.41
12ebfdb41392890f9d7a8de957274741,2153.35,1,2153.35
b26746dace6d5d8633283ef402271974,2153.35,1,2153.35
ea6f9323b5f8d196980fa72fb91546d0,2153.35,1,2153.35
445e36c0849ad359c7b6d99786c3357c,2153.35,1,2153.35
c77dde0ffa573d733a5afe93774246ec,2152.92,1,2152.92
3baa1dfebd3d28ccc8cdbf5d9faa7602,2151.29,1,2151.29
cad51aa032a0834a45c27586bce31d1c,2150.81,1,2150.81
46e8adbe1802b0aa1d172eb1a4eba9fe,2150.22,1,2150.22
00adeda9b742746c0c66e10d00ea1b74,2148.4,2,1074.2
8a8a3b96590da699865fa7e07e0e08ff,2133.6899999999996,1,2133.6899999999996
afc8f3a11a809a74e5eef0bda1de6b9c,2124.78,1,2124.78
e8258022c5060b1f3d861556a17fd741,2115.79,1,2115.79
87566fe4966777f59b86e1313f177587,2115.05,1,2115.05
c705e3b98b76bd8e56d09625ac94216a,2114.63,1,2114.63
2621b577faf30c524ef1f0fff766a575,2111.57,1,2111.57
82cd8a647fc34614fde430b3285b913e,2110.57,1,2110.57
af17def00ed5fb1ccbebfe805b0bb641,2106.55,1,2106.55
2f99070486aafcc5dac7a979c1ed5f32,2105.57,1,2105.57
7de6d654e4d5b71483c3799468bc27e6,2098.4,1,2098.4
ea1c9b1a4cc63f26f5a165203a4ebd4f,2096.14,1,2096.14
92ce8d58d57d7a8f8b2d5ca4b9810b64,2094.44,1,2094.44
59bfe97acaf7979ebbc663af8bb1827d,2092.86,1,2092.86
ef7361e14a64f77990f58e9c571e2f9a,2091.33,3,697.11
963fee8d1953b0f2bc792a06043fb11c,2082.36,1,2082.36
83486a65903aefe02ed3bac7c23b5f65,2075.48,2,1037.74
73601b1eec55943e90ce8d61253d5c09,2068.68,2,1034.34
fffcf5a5ff07b0908bd4e2dbc735a684,2067.42,2,1033.71
f28efe52152019a633891bfdb679886e,2065.77,3,688.59
918c2334c6537fd745c6aea1e3fe54f8,2065.35,1,2065.35
efb14cc2969129e2d865bc75be239916,2064.88,1,2064.88
6cba2fea42066c8781a30cd92826317c,2060.51,1,2060.51
3d60952351a48ae05804341ab1e3f7fa,2060.2,1,2060.2
613835be7274f39d246f0c9c264ca132,2060.2,1,2060.2
8831da2a67b7007cd92faef855f9fb52,2055.84,1,2055.84
e197b5ef3ad3220f87041f2475b37c81,2048.12,1,2048.12
b0c3cd877e81291a25eb0be8b1919458,2045.47,1,2045.47
26745aefcbade7bf038c84f9529ba5b1,2039.31,1,2039.31
6d394722d5fc5e721aee6875a218d8db,2039.2000000000003,8,254.90000000000003
af366f48405f787edafa83d61e9ab5c5,2036.86,1,2036.86
a7acd7f8aefc1d48f618e3f15c5e327b,2036.0400000000002,3,678.6800000000001
18d3c0c7617e44eab9bef19f29bbdb1b,2035.86,1,2035.86
5330670c6666e6f35a2688802fdb235f,2034.48,1,2034.48
3d81d4e0977945889ce7eee309a884c5,2034.31,1,2034.31
a5854c79718864cb7023094de2c0f8f8,2033.48,1,2033.48
82c0c03a1fb8968a30707374c8566fba,2032.04,1,2032.04
5a04d5472eb5ee998250f0977b31f772,2032,1,2032
75a8083e27e7af87d890db460e048efa,2031.47,1,2031.47
a813e96ecd044395587037a8314a4151,2031.09,1,2031.09
af4add6ae61530f1768eef38c9a52c05,2029.6200000000001,1,2029.6200000000001
b8b32554df7a612f3aefb40b44653a4d,2028.75,1,2028.75
10080cf8d46d43de1133521a8567b153,2028.65,1,2028.65
0bc62798218b7ebd8849210c509efe1d,2027.65,1,2027.65
9cb4965f1caae128f5a82f1345e2e8bc,2027.26,1,2027.26
ee10b948f421cd32fab5283f814d0b78,2027.16,1,2027.16
055ec572ac7f3c7bdd04a183830ebe59,2026.54,1,2026.54
03d1be27ccf6d46178ecd2ad2cc1db10,2026.54,1,2026.54
6ead799d8a12f9095ab29409be2aa075,2026.54,1,2026.54
4c4645e724402ec958ead69dbf1ade6c,2026.54,1,2026.54
02b6ef845021b8fefe19c8d200f3ee06,2024.31,1,2024.31
7c82b91749355c6daebaada73da54e2e,2023,1,2023
921972f1568c1c75a26b18b4cb4ed5a7,2022.33,1,2022.33
28f6c5e53f39cd45ccd6b22fc82cd1d1,2022.02,1,2022.02
906a8a4ec9f3d4c3e64fa6d1c4fe6009,2020.8299999999997,7,288.68999999999994
527f7f3237fb1397c459701bc765b6f0,2017.08,2,1008.54
a22ee6bd65e350c2d1a0d9a12c2e465f,2014.99,1,2014.99
15be5104d4c41b5e0dada09bfa5215d9,2009.62,1,2009.62
0341bbd5c969923a0f801b9e2d10a7b8,1999.68,6,333.28000000000003
15dcd36d3c50ae6540aa942684f51824,1996.32,1,1996.32
6e328f26167e5c9f1c9ac765e6e95f4d,1995.69,1,1995.69
ee4fb55368c4c4fa5069f4c7cbe0ed2e,1992.42,1,1992.42
fec38f6590f4d8e78563eacd15f0413c,1989.96,1,1989.96
a7ca51c5d161c34444a45ff503b78b0c,1989.75,3,663.25
237beb4b0ae00c80268b9b894ed3f65a,1981.22,1,1981.22
8637975a0cb5150b10528f5697511668,1980.71,1,1980.71
a0cd1f3e0a9259b6dd8ec0ed4f63a63e,1978.18,1,1978.18
e09ede1057212120a291c4fa1f832c63,1966.91,1,1966.91
a1bd814d14be56675c1201a1a28a6e64,1963.97,1,1963.97
ea10c984e50edffb58668706bd0bbfc2,1963.14,1,1963.14
f444ba0d223518973d2ab5ee663bfd9a,1963.14,1,1963.14
f2a9c45fecbca38c65837639d0e1c0f2,1963.14,1,1963.14
69b2b29382af03e03e486ad307a76000,1961,1,1961
ca9ff40e3d69e5ffc34a46ed9b91451c,1951.9499999999998,5,390.39
e650a740f366df1d65e17eeda8cccb43,1944.86,1,1944.86
3a205021b542565ebf170c0ec55783d9,1942.6,4,485.65
9b661514ad84d0489ac73d9e24cbf169,1942,1,1942
9410c05c403cf6b73c071fa50c8ae641,1938.74,1,1938.74
b25c74b16e09b4a3390a6db984004c44,1937.6399999999999,3,645.88
994e2b50ade6ead19626283999638f25,1936.99,1,1936.99
b8ca2e14188d8a3ebd2da5dfccb5725d,1936.5,1,1936.5
5a7881e38b4a49918a70658e1dd42a09,1936.27,1,1936.27
7530369a1ddf13882910895b0559423d,1930.34,1,1930.34
bb68ab36f08cea9dece50c4d5f63e1ca,1927.38,2,963.69
d77f9e20bf24f723cb3d4472a1d1b837,1925.81,1,1925.81
ac32c69c438fa163767f5aa5c4d0b6e1,1925.77,1,1925.77
1a3d1e8b28c0ee27c23333ee108c47e6,1924.03,1,1924.03
c5365631fcd0f5ae1802e798e1b7d692,1916.96,4,479.24
14cf3e40a2b5076d2d0384a7e68ca06f,1916.08,2,958.04
95376669d92be6a7dcf0494e0b1d9917,1915.53,1,1915.53
cd020f72b3994d3dda2f464efe9aa99b,1915.13,1,1915.13
cef29e793e232d30250331804cdb7000,1906.6799999999998,4,476.66999999999996
e7ed4f9558a25b5403b41224518d052a,1902.55,1,1902.55
9df040be9d7656d4c912b62472bfcf05,1901.62,1,1901.62
025cf7c2f32536f0be1ab412bb6602d2,1898.61,1,1898.61
66ec2bc0802dd4fa439e49dcfcf813b6,1898.27,1,1898.27
336e748851ceb9da362d2d5e0b2f4b85,1894.41,3,631.47
9654d6df6a63f5a9b61dd5ba0e0d8286,1891.63,1,1891.63
7e1dc025d12dd45046852917926fbd2e,1878.39,1,1878.39
94bbded6a4ac8a3dd9887f99861bf608,1877.8400000000001,1,1877.8400000000001
196fb9c6acb3d8e681f6691d596a21fb,1872.26,1,1872.26
62a71b17bb35ca8351f0ab4fdc7a3354,1871.64,1,1871.64
1ee27e3ae93ad59224094a4ea0c71dc2,1869.8,1,1869.8
0c2fa77ed1433d1b2ed06724ed0d5237,1867.85,1,1867.85
fafe2f8e0b7065fef995698ef3809fec,1861.25,3,620.4166666666666
74a63835c6e5eaef19af58cc83f663aa,1859.1,1,1859.1
23841d4abf4583dec7773f3bd2fe267d,1853.75,1,1853.75
1eb6f015c37dc8e3f5b531fbca809a49,1843.85,1,1843.85
01858f2fad256b1689f5bdafc059f745,1841.11,1,1841.11
18360e41b00709cc7b2c6f391eff829e,1839.05,1,1839.05
15fbc48df691e0ad51b0cf30d86392a2,1837.16,2,918.58
89b692db0c2020ee873dbf261d941543,1832.54,1,1832.54
8d434defc893fd9ac17fabd1462cbce3,1830.99,1,1830.99
35dac57557b3ffbf2f231d3c1483fde1,1830.9,1,1830.9
604b4fd4dd22b3811eca8c2d4f1f63c5,1830.12,1,1830.12
8ac03172dc8e36a4c5e0b694ef3235aa,1828.41,1,1828.41
d61c923fff01b0e448672a2159ed5757,1826.34,1,1826.34
0326524848da9311350236471586bd61,1826.07,1,1826.07
13fb439d0a2aae1e3200ccb4dc9b37e7,1821.87,1,1821.87
6ae98e2bdf8d09e86cd16479fa511f9e,1821.82,1,1821.82
0adb59a4ec552b5ea48414b79861e292,1817.54,1,1817.54
66b219a06a37d7129406e32d295a46fb,1816.11,1,1816.11
c40698869e63dc7c57f3f66e767e7287,1814.29,1,1814.29
bf31713750139aba4c36772dc9459f44,1812.33,1,1812.33
798c34ffa9047399853eab8ca7c0b9a0,1812.19,2,906.095
6d3c02f03efc71b44d52999fc95fc86e,1810.5,3,603.5
6e47014313b6b80ef3dd44568083862e,1806.68,1,1806.68
77c404a3e8a4ee3808befcc4663ac123,1804.05,1,1804.05
f3140df89d24aa120f087331fe18f773,1803.24,4,450.81
ac0ec8bdce394d27bc6c91549f2b5091,1798.01,1,1798.01
21b7e7811ddc742cba9b74aaf89fb281,1797.73,1,1797.73
280bf653e57167086c1a8ffd18b03ab1,1793.23,1,1793.23
38e482d7770a43f5929378c4dec76d5e,1789.02,1,1789.02
26ad70987fa3435c6279b8c3a5f4980c,1787.72,1,1787.72
c11f76d3806da64a4c64ea47627444e2,1784.1999999999998,2,892.0999999999999
9cde2485320efdd065a76233a3612623,1783.7,1,1783.7
525cda9909aa001ebed396f6e55eae01,1782.9,3,594.3000000000001
4550984876a4424451525c6854a996d4,1782.55,1,1782.55
85b483b4f7f7bb9fe94d3ece0a3cab93,1778.01,1,1778.01
141b3509663d0e6c8735da7d62fcfe16,1775.26,1,1775.26
d3bf48abdd573e74110b3e79d7b07ed1,1770.72,2,885.36
b3879dce6b4a3b94b748b6c9b567695e,1768.4,2,884.2
20a5257c01689ac69410a14cb51bb447,1767.1000000000001,10,176.71
ac507528f385811a6feb0e3e1fe0afad,1761.6399999999999,4,440.40999999999997
4facc2e6fbc2bffab2fea92d2b4aa7e4,1760.7499999999998,4,440.18749999999994
082f4a93605df980ab01581db54640d3,1759.26,1,1759.26
c9b33c9f1440ff1ebc8d4fe9b182614e,1759.04,1,1759.04
397b44d5bb99eabf54ea9c2b41ebb905,1756.53,6,292.755
910f0afb84bc778e856d3683c7e8a46a,1756.1000000000001,5,351.22
7da11710b7b7aeebec5c91a6057c9969,1755.21,1,1755.21
f6255a326ff4c43107bc0f42f433be94,1740.3899999999999,2,870.1949999999999
a1a9e43decb5941c1fc7f7c5fd507c5d,1738.17,1,1738.17
a1044dd75b74fbc485b040575a14acf0,1737.8799999999999,3,579.2933333333333
10811ce4adce690edaf95b2e8eb3845a,1736.3,2,868.15
4d32ae832a9e254bda80dac89fd37afb,1733.7,2,866.85
2c32247bb780398fedc970dfa0832e25,1733.34,1,1733.34
6aa828fc903b810472cff927dd42b500,1730.87,1,1730.87
a43af8fbe622cbe4be01322821f61145,1730.87,1,1730.87
4e284eec447afc7c7d56adeda4bba178,1730.04,1,1730.04
2f0ce2fb407114dbfa866f22c7cf9e9d,1729.98,1,1729.98
42f1fdf511aeb359f56e375cae330892,1728.81,1,1728.81
9fc8316f4c0d0601664216e0a9327ed5,1727.67,1,1727.67
132f423dc424a05048538d51a18301d2,1725.64,1,1725.64
1d10557878391272c010c263dba24b66,1719.92,4,429.98
55b2d632bc5b7859767c1efd222c1659,1714.21,1,1714.21
f94b83157ce2162d5eabd54f242d6065,1714.02,3,571.34
d233f180804b66001abae78d15d37d10,1710.18,2,855.09
5a494c648fde2d1ec4eb614274ea7159,1703.3799999999997,11,154.85272727272724
79dbe8f7d2cd77fc463cfb663ab1375c,1702.3500000000001,5,340.47
aa1d9bb16c635762854fcd37dd575662,1698.56,2,849.28
92fb5b65fbbdfe7d8e55e53e0af5a971,1697.45,1,1697.45
598338796239e698c67fb95bc368de07,1693.31,1,1693.31
145f5c920dcccbb95081ceaa800df82e,1692.59,1,1692.59
5bc4d654dc4eb95cbd977eafadb38383,1692.05,1,1692.05
923c196bd8ad794e9d13679e356c43df,1690.95,1,1690.95
079ad4f138ec38e726e7d9ac51ae1410,1680.25,1,1680.25
b8521fd4a5dbdf907f969af459a46838,1679.63,1,1679.63
3bd9e0cb53a95db314b55aa82f814502,1677.31,1,1677.31
c8639255be49cc9a738ca337bcf2833f,1675.71,1,1675.71
c169c9937db997a267f749cdd64c161f,1675.68,8,209.46
ff0e4a6f3114ad1d211b885159bf1eb2,1672.67,1,1672.67
2d0151326be4a97cbfbc8bdcef558e10,1672.08,1,1672.08
28e7419981c810e071e0f6b061129fbc,1672.0600000000002,1,1672.0600000000002
fac9eb2c3c550f64f779646726710b59,1668.74,1,1668.74
e0c3bef7c7e5679c7776c40abec7fe2b,1662.02,1,1662.02
ba3f35c1ecbfcbac6854edf5ffcc198d,1659.85,5,331.96999999999997
5a1f8efaa6ce666e9622bf2e22c42aac,1658.81,1,1658.81
3d16d54112c57c93d5bfaf6b395b3f0f,1658.6999999999998,3,552.9
9fca9eeea062d51882419081f80ba5e2,1657.5700000000002,1,1657.5700000000002
c89e2005ddcd889c687343e2a7d7a115,1655.6,1,1655.6
061e0d9d23f099ebcc78d1c90f94dfbe,1654.46,1,1654.46
87c9e7ba960e4c2e6bd786b162adc639,1653.98,2,826.99
99f125422e3e42df876a689e8e217798,1653.6,1,1653.6
67d859ff554d120ac0826e97df1175d1,1653.6,1,1653.6
cb6224938ef72376e7f5183777032fea,1653.6,1,1653.6
bdd88e5f6a6810d95baef27f2f6055fe,1653.6,1,1653.6
3d16152c514410c047904cd433439892,1650.56,1,1650.56
d1aef037cd06ae9e8018d05efd0ed17a,1648.64,1,1648.64
6d8ee4a9676fc8b41d3edc2a1eb46579,1645.82,1,1645.82
5993c0ed4bc51b72a8332bb7fa4303c5,1644.76,1,1644.76
0a8ddbf973510e50bdbfd4300dd90385,1644.57,1,1644.57
c1099629bd44f439554021f60cdb120c,1644.36,1,1644.36
67031f3c7bc5f28dd7b6344294b4ffec,1643.64,1,1643.64
ae4b37b37bb22e37fe34ada808837207,1643.04,2,821.52
03fe4b83d144beca992a5e3cffbdb5e6,1642.54,2,821.27
36d7df3b5d8326ec792859208e53ac93,1642.11,1,1642.11
b0ee09a612abb2a24044216adc08b665,1640.6,1,1640.6
3e2dfa26943efe5cf2f76a725b6675a7,1638.72,1,1638.72
12138e8ba93973c9b561253683f5581b,1638.35,7,234.04999999999998
fa03405c1fce3650144d97158b4b1849,1635.64,1,1635.64
d1c843178ca07004edbe2ac277b35bcc,1635.64,1,1635.64
29a553dd8a1a0a22d1ee92263463abe9,1635.64,1,1635.64
74092b9d4919431b8b4c02fd8569bccd,1635.54,2,817.77
13d04f61bea0332b8d69918a99e7fb22,1635.51,1,1635.51
81238d4299b66d04234593c4a832773e,1629.33,1,1629.33
d184e6edddcb1c912ebed8bb8491fc85,1628.6,1,1628.6
c6b1d0d394ba367ae48f9bb69158231b,1628.6,1,1628.6
fe203d7588a60b447f5c5f089b967097,1628.07,1,1628.07
f6e8b25c5a0d2fc779a3415df14b2f88,1627.84,1,1627.84
ffba9f9dff87b05e310ecc46c8591044,1626.8300000000002,1,1626.8300000000002
ee1ab7f8a445e29acff592989e83a70a,1626.65,1,1626.65
8411ef4ebe0b18e75fd75efde5455e15,1623.94,1,1623.94
6411590d91c48640cb07e72fbb4a359e,1619.73,9,179.97
b5d5805f04ae037ef5de0d12fbed7bab,1617.8400000000001,2,808.9200000000001
856cfe0bdb5bc7fad4061781400c54da,1605.14,1,1605.14
650f945256ea49b526cede6f2dbb89a9,1605.14,1,1605.14
43df16fc8bbc0499aa6bf4e582dfbb66,1603.25,1,1603.25
f0d3389b217aa61b5a66744ddd694cc3,1603.0800000000002,6,267.18
005226be8d5b972d0f72b4e8a79f322b,1600.51,1,1600.51
4c21c589db03eb65cbc452fc470850cf,1591.25,5,318.25
fe81bb32c243a86b2f86fbf053fe6140,1590.7599999999998,5,318.15199999999993
262f884f74980c0ad26fcaab579a3294,1590.25,1,1590.25
fb94a0ec084fa8e33ec943992e3c6929,1589.57,1,1589.57
fc24db02becd484accefaa5af59c18b1,1588.9499999999998,2,794.4749999999999
8b20a60ae8a273e444118d6e8a7c3627,1584.96,1,1584.96
057dbb60927c6bc5bf3ca3f2f23e447f,1583.71,1,1583.71
5eb539db8bad2407b71782f1d55a4826,1575.05,1,1575.05
71150730b022797afd6a487820125da0,1570.79,1,1570.79
d941a608aa14794954f62d8c3da2b9dd,1570.21,1,1570.21
ff6c9c45f6cee4ec0785650b18322d73,1568.72,1,1568.72
1b3033b0a47ab66dfbe6607550bfe38d,1564.0700000000002,1,1564.0700000000002
73e9c626827cd8c4bb38b55ab31d816e,1562.5700000000002,1,1562.5700000000002
9d0ace373bd69cc599d745b9d1a323c7,1556.7,1,1556.7
301fdbdb88825096a683fcfacac44718,1556.67,1,1556.67
71c99dc35fee93881af2d5a1edb24442,1555.23,1,1555.23
b3fc51a2057e04657dbe29f48f3ecaaa,1550.68,1,1550.68
4dba78a69f5fb2d5ba4bdf9696e1eb8f,1549.41,1,1549.41
0f5ac8d5c31de21d2f25e24be15bbffb,1544.8200000000004,18,85.82333333333335
3ec83b54e0afb70def9480cd6b9097f7,1544.7599999999998,9,171.64
81446cd6d7ceaddfc66d7ab9ec60aa55,1544.62,1,1544.62
34cd0f2f38a66796cfbc8a33ece7448c,1543.25,3,514.4166666666666
9bd3a0d5aee992c5692a2a912a50d2fb,1541.7,2,770.85
f94c00f0411b6a3e6cbde94b120fb786,1537.04,1,1537.04
4b3bb0581e463066eed601f1991b4f16,1535.22,3,511.74
b64460d7d925960dcf9beefe03131679,1534.98,2,767.49
6b2af0e98d36916cbc15761bf6048220,1534.58,1,1534.58
608b221bbdb07cb279018c0dd04cc730,1533.62,1,1533.62
85333adc71614d177d3ac54662b036b2,1530.5,2,765.25
231d36f5c4b238c26f449ffd98c79180,1529.26,2,764.63
b5585a338bb22b66f02541df26cbb9aa,1528.0300000000002,1,1528.0300000000002
6d73eb39c724d3cd0d45e9e1b6b963a9,1528.0300000000002,1,1528.0300000000002
0cfb94f148a3f7b02123e6f64e6674f6,1527.51,1,1527.51
caadc9a4b4dfe30f56f399821b71c6c3,1526.26,1,1526.26
b60a410d454528f9b70cd6fb479fba68,1525.7800000000002,5,305.15600000000006
7e251bdcd9072568271fe5b5b824b6be,1524.24,1,1524.24
f78a6b62ac5dc9638a4fa0fd5d7b94e1,1522.99,1,1522.99
64ee3e71d9a27034db0c6a48c29d35d5,1521.75,1,1521.75
6d887fdae7b23b09c8108f16900dab42,1520.71,1,1520.71
361dc89b24a5dc808b2803a1ac33ff3f,1518.55,1,1518.55
b11b06cfbbd108f99b4ffa44e865b1f9,1517.7,2,758.85
5b7b7009010e8dbf35aa64441cd01b25,1511.86,1,1511.86
012a218df8995d3ec3bb221828360c86,1510.38,2,755.19
8e18da3436d8a163ab9540768a94b22d,1507.56,4,376.89
55ee0c6382f5b5f0b42a1fa608239e5f,1506.68,2,753.34
ef068814b087cac3c1bb6cea58c98480,1506.0500000000002,2,753.0250000000001
8091550abd9ca29ba409a70cb640af4a,1504.61,1,1504.61
1003a1d72627f1a71f255e239aaa4bfd,1501.45,2,750.725
fad1bbf902fbdf64f92f33d010ab8cb7,1500.19,1,1500.19
7fa6d33a71471ecc658fc9557bba75d9,1499.87,1,1499.87
e7d3b17772a74209d76965c84d5b286d,1498.46,1,1498.46
f5ae59564b848fb10564d9fe4a478465,1493.45,1,1493.45
58f887ad477318fadcf6a93a1e24c076,1490.53,1,1490.53
0f5f758216c397ef8237f5d1e236e9b8,1489.47,1,1489.47
c6f70f6262d971489361b0d4fb0936ed,1488.59,1,1488.59
76cef8c0830232a6298b50d60153fb6c,1485.31,1,1485.31
b248c92ec54199bedb1d603e0e6f98c6,1483.26,2,741.63
7a44821edf14b2b2ef3ffb2c6e837e5b,1482.42,1,1482.42
9eca552063680b7cd2ed0e8aea002b21,1482.24,12,123.52
b0e6870a2c0f7a96e18c84c02da14f94,1481.03,1,1481.03
79e12483f9b14c3254db94bd137a4b70,1480.73,1,1480.73
7efc49d7862ee114c0ca869b439bf381,1479.51,1,1479.51
fc360164eb368b0eb12c1d5eb2bf5e0d,1479.51,1,1479.51
ae06b0187a99aaeb5e845b9638936e7d,1479.51,1,1479.51
4e5a10bd8f468ee5acc890961a2b7ce4,1479.51,1,1479.51
bfb1a102e6fe99d83c5e78e58370a8de,1479.51,1,1479.51
739209d88340a09d4f6d29cc809daa67,1479.51,1,1479.51
5a0b87c34f674cb92d999d2a37096227,1479.51,1,1479.51
4d402e51f4e8a128657c7ac78b59bfb2,1478.95,5,295.79
d3729a20d98aab032427c9d19d7cb7b9,1478.48,1,1478.48
b35e7c1ee8ccbce232fad3bc996e6298,1478.45,1,1478.45
4711348768db55c57a67aba080ead566,1478.1999999999998,2,739.0999999999999
ce8c3a9189899cfa9882c8992bf2838f,1476.8,1,1476.8
f85107d1dbc6b78bb1c784d5928c14c3,1476.07,1,1476.07
f03553cc2a5d9a0d2b945ccf7f4c54bc,1475.08,2,737.54
886583680443fec2ba8b1426cc6facde,1474.76,2,737.38
985e93167edfb07618a16a7b9c12c75b,1474.42,1,1474.42
2be7d578854588f75b1922cf7627e1be,1472.47,1,1472.47
430f484aaec4eb059a1d074f4b0ef762,1471.51,1,1471.51
8d2fb66164a84b76626513d628bee2da,1471.51,1,1471.51
c72e291ccf98df8df8bdc3fcadf64f35,1471.51,1,1471.51
eb53ee675b0c79d66e25fce46957e1fe,1471.51,1,1471.51
10dbffc4a798d018f58224da1162b90e,1471.51,1,1471.51
acaf9c8dbadcef1c6ce123806c9e6c34,1468.45,1,1468.45
da1e7179b9c5a1494d78528cbcf05aa0,1467.87,2,733.935
2bca9b243e976aed908e12f74fb30370,1463.3700000000001,1,1463.3700000000001
73685133e38f5b824324971c0274855a,1462.65,1,1462.65
77fa3678811c2abc56902a24273a4dbd,1458.51,1,1458.51
72eea0b98d06729e6d5f824b1b076d13,1453.3,1,1453.3
297ec5afd18366f5ba27520cc4954151,1450.9999999999998,4,362.74999999999994
fd03997c82649affc061d275ddf1f3d9,1447.02,2,723.51
3dc72442480b0d7485969ce3125d0256,1444.62,1,1444.62
3d540559ce0677a17f45eab0cb113c8d,1442.8400000000001,4,360.71000000000004
da9e0576ca0ecbb67dc3778628481caa,1442.79,1,1442.79
471d491452eabd128b8fe5b12b913f9f,1442.15,1,1442.15
6e26bbeaa107ec34112c64e1ee31c0f5,1441.6200000000001,2,720.8100000000001
38a4f1deb45ca914dd13c73b41775d71,1440.1,10,144.01
a1a1c5083998a1ed55698a1b0d005def,1439.27,1,1439.27
0fbad5f5683626b3c234ef751d2ff166,1437.64,1,1437.64
3422b60bce08b606582660acdcdaee7b,1437.15,1,1437.15
aeb502c0c495c56ace2819cf6f9235f4,1437.1,1,1437.1
ac6152d2a8d11ea64813c56676d73202,1436.84,1,1436.84
be74c431147c32ab2d7c7cef5e4a995f,1436.46,1,1436.46
79fe0e57517b5148b07e5d8645eb5095,1435.58,1,1435.58
78110b00006c6033e83ec0e79ade3081,1433.04,1,1433.04
6899ba25b05f771af3ede719ef5c861f,1432.92,1,1432.92
eaa604ab9f816252edb7a8d297f932e5,1432.21,2,716.105
a88cd5c40de7b2e386dddcdc5749e527,1431.63,1,1431.63
679539028487c610a89de1494fef40da,1431.33,1,1431.33
4f8f99500e6fc01d458cbc399f891cbf,1430.91,1,1430.91
0129d48dce554d95f641d01eaa88904a,1429.59,1,1429.59
4897f0607bb084b7a12f7afeaaf30c08,1427.5800000000002,1,1427.5800000000002
cb26f33c1b5055d997cc798dc94790d5,1427.25,3,475.75
97071ed6fb1ac261920c48a146e86c66,1427.04,1,1427.04
c39144ea573bf91bb79650405c09a76d,1426.5800000000002,1,1426.5800000000002
774c075fecf66d485d49c837d03c71e9,1426.57,2,713.285
24e998dbc3458fe7b77b370e6d10ba57,1425.56,1,1425.56
ad5dccfee30bc06e904e446616419ff4,1424.45,1,1424.45
b1791d73a5c0e297a0e8f21699078c5c,1424,1,1424
fdaa290acb9eeacb66fa7f979baa6803,1423.55,1,1423.55
939550a2c0964d6ad3d9974d3e626d0c,1423.21,1,1423.21
0eee96b8cea2f09a022e9e5acaffede3,1422.05,1,1422.05
066ee6b9c6fc284260ff9a1274a82ca7,1421.69,6,236.94833333333335
6f692962aeac7cd4a868499095b24849,1418.8600000000001,2,709.4300000000001
ae5b077a7ba102a667a435d8bd3a24ec,1416.95,1,1416.95
73269524708916d11bb873c7275e3b33,1416.7,1,1416.7
5f49c05291e2c5b88dbe730e3c649c68,1416.41,1,1416.41
985289b5cb474a6e97bfe8c85f0aee74,1415.8,1,1415.8
05eb062756e6d4358e72b1caf0ec22b1,1415.66,1,1415.66
a5934d510efd935a606ea73b93af950c,1415.66,1,1415.66
79954dd2287a62e7d680548d0f2bce60,1414.7,1,1414.7
4f94b2a128e75939c61c188212388e3e,1411.62,1,1411.62
a58350975662c1816a7c8f01bf816bf6,1411.13,1,1411.13
77dc1d016a6ff92c1eb364ecb3cc6aae,1409.12,1,1409.12
41deb1284b6550426194070a1ea8ba32,1404.41,1,1404.41
fb98136edc2c0f996bfad36a0c7e1306,1404.24,6,234.04
3629a4b18f2eb69e03f153158e48d2cc,1403.66,1,1403.66
be350e7235bb5363ff3f3cbb1eb4ab74,1401.85,1,1401.85
540bd689a2065b9177dedb9758cbc992,1400.33,1,1400.33
f0daba1cfcc18d5a3229e1a911313e3e,1398.18,3,466.06
d130666a33d3681209c5c752fe56ee10,1395.76,2,697.88
d409c5590a75603ae1fe24d66d5008c7,1394.77,1,1394.77
fede1f9528a564c1a22bf64bb7085bd2,1392.37,1,1392.37
3e134146f147b595885be88b67d8f789,1391.89,1,1391.89
df030c3c1d42349bb0a40197e53316ab,1391.79,1,1391.79
5d1fde9eb27149c695624f8bb84cf6f7,1391.39,1,1391.39
d3b0732fcd6b002c3ad8364802840125,1391.3500000000001,1,1391.3500000000001
12ee9e2cc00e2a5156a2d869b82938d8,1391.3500000000001,1,1391.3500000000001
f012b339d79831fed338ed7a1d256bca,1391.28,1,1391.28
4833d5607f30e40265ccdcb21b58b7ad,1391.13,1,1391.13
5e7e0be1ac6b95219cd8a74b42881f19,1391.13,1,1391.13
91049771b745aa43500e4c82ed6a2241,1388.98,2,694.49
97734fdca127fddcb5f92f841690c3f2,1388.68,1,1388.68
37b1b1515c5f1c4a06510269d5a36a4e,1388.43,1,1388.43
5f2f6fba74de007241fedfc485b72ba7,1388.3,1,1388.3
64b97e6d3c070dd372d6310ff2c632f7,1384.74,1,1384.74
cc073557e57ba3526798e69697e37db3,1381.88,4,345.47
4a22982d15a6758ba7a93495769dd490,1381.83,1,1381.83
1f98d2384ff7a372e6a2d3bb75cbcd54,1381.41,9,153.49
58c1b085b54c03a1f1ab5f13d64c2b1c,1381.31,1,1381.31
bc45674ff2e33eeabf20e6eb7accc4a5,1378.79,1,1378.79
3f9bb1cc786f6a4ecfd6b3d868d39357,1378,2,689
920bd0e1c74c42bec2303941fc03374c,1373.83,1,1373.83
c1eed380c5284f6d86f7263653ef215f,1373.83,1,1373.83
d1b6bbb5ce2d0d1b5e5aed73482ede19,1373.83,1,1373.83
3f6a946ec3ed53c151d8b1eb1cb0336a,1373.19,1,1373.19
e92a2a874e305a7e920b0a0b308d5890,1372.25,1,1372.25
cb1c3c27a1cb278c594f7dc5adba5b3b,1372.22,1,1372.22
0820b88e46f48599042bd627fe954b66,1372.1,1,1372.1
ecf7874aa8a2586adf6ca37fab21ecc2,1371.88,1,1371.88
5a050b063ed2697381b449b2ff7b422e,1370.41,1,1370.41
4bdaaab3c645dd18eed3c3bb8ddcd6cf,1369.63,1,1369.63
8be5c6cc1011c8a882d3bac857955b3d,1368.8700000000001,1,1368.8700000000001
35b887857d9e7902094a37e9f2e51796,1368.1100000000001,1,1368.1100000000001
1810e538a85f28a974dca2ad08da3c62,1367.75,1,1367.75
547f5f9afa998b2e599e0df6584cf838,1367.5,1,1367.5
855d32ca5e45bf54e4d88c29c65cea0b,1367.23,1,1367.23
6dbe8af63482be15d8b0ec1b9dd31a29,1362.37,1,1362.37
1159db37e256a4e27f777ebd08b4da05,1359.47,1,1359.47
aa4e2575d36a7b89546ca2e4087e9396,1359.4,1,1359.4
b8cd1885a1f24d1ee81ab66c54b76f11,1358.75,1,1358.75
0424c5ebdb5ce70bcd7b596efb17b561,1355.73,1,1355.73
58cb2f5bcf3fb5994bbf852e86978047,1354.09,1,1354.09
6c749436fe7ecef4596739d31d1d8e63,1354.06,1,1354.06
2750ea8eaed9066e36245a18802eac17,1353.2800000000002,1,1353.2800000000002
69a43b90b7f45f07911d140b61da311a,1351.94,1,1351.94
f9aea0c7384b3015a0c51f6f9d08e9eb,1351.51,1,1351.51
85101bc666e06929fec79cddadb14146,1351.51,1,1351.51
8ed5f159139eb38172d25a57e129e87f,1351.51,1,1351.51
96e91c0dba30f7ff60c9acd47677c248,1351.44,6,225.24
9dc7e983a9dde2b110ca06f7547d6b5a,1351.41,1,1351.41
8146bee4e40885be99560ee012659bcc,1351.41,1,1351.41
0a247a228e8d48fc8afbc28c2e8c1691,1351.0300000000002,1,1351.0300000000002
7e6b73ca13a846a38c86885e98a63ada,1349.16,1,1349.16
d687c16dcf223790dd97278b2cdbe240,1349.04,7,192.72
3732057b80d20e5cb53b859b7bc57a78,1348.66,1,1348.66
07c9259c1afcbd1f6b416d9985782083,1347.96,1,1347.96
6976991546a290faff14b82abaa65779,1344.82,2,672.41
f61d858404cc299afb3a89451a92f91b,1344.46,1,1344.46
69d93815c9ea08e83377d78cb088a295,1344.3600000000001,1,1344.3600000000001
74436a334d42f9516826a7c3c6d5b226,1343.44,1,1343.44
d95e736f831986871d6bb98ff914e9a9,1342.63,1,1342.63
46d2e80a1ca0ee7a62db0ab302e8b4b7,1342.63,1,1342.63
63923c0ec5cbc6893736efc26df5767e,1342.03,1,1342.03
61e20081e2cdb77bcf311d438c3528a6,1341.55,1,1341.55
09a404d8a68d4ce0a92e7aa4848402ee,1341.45,1,1341.45
fb71ed60806ae68abb00194fa02647a4,1341.26,2,670.63
e203d1b0b0762907665230d52c223d73,1338.51,1,1338.51
69a96af4277076a11bf7a49d27d867a5,1338.51,1,1338.51
aac441a39c3a5649e0378fcd43a9ba9f,1338.51,1,1338.51
bce40e163747be50b7bb83f016591e0f,1338.51,1,1338.51
16ae388d8c36c71739021268d3578191,1338.41,1,1338.41
420add00e535c5b9caf4e5f34c69124d,1338.41,1,1338.41
97599f226d383eed46713abef6325439,1338.41,1,1338.41
1033eef37a760a832f9b2332ce23fdc5,1338.41,1,1338.41
019ac5580a897d52e5ed6f7ed89ade27,1337.19,3,445.73
fc1266d06a97ca5314f0b3d4def53a5d,1334.2800000000002,1,1334.2800000000002
217292034a9e98acdd21d0642afc64e5,1334.0300000000002,1,1334.0300000000002
b3441a427e8889379672bfd441f5218e,1333.55,1,1333.55
af53f59538b3c60899f492ca03b8c85d,1333.25,1,1333.25
d16000272660a1fef81482ad75ba572a,1333.25,1,1333.25
95a0e14dee86eb0eeec5263fe5fca796,1330.88,1,1330.88
f3b7aaba2ec5e60963dfe3bf537a54e0,1330.1999999999998,1,1330.1999999999998
28b9099dc6577fdeceb2e4468e69f556,1328.0800000000002,1,1328.0800000000002
a9ac0830ef6d1cff282fe04077d56021,1327.72,1,1327.72
5a95daf3900225ffe545478a36feea4d,1327.5400000000002,1,1327.5400000000002
408604325b96735d6dbed039246efd64,1326.8500000000001,1,1326.8500000000001
6ca64aa28917ec5f253c90fda7032b6c,1326.8500000000001,1,1326.8500000000001
482b83576bf1699dd0a448805e211146,1326.79,1,1326.79
362135e70ef2c6d5b1d551723523f78d,1325.44,1,1325.44
b9aad088d2ce9501d59cae5754b67226,1325.44,1,1325.44
1c7267f397e6ab4a4bb183b27dc65e92,1325.32,1,1325.32
9aed28a7d5e85a3f48fd4a23647dc8c4,1323.79,1,1323.79
314b61600e5228a9dfe7623fd25ba846,1323.3,1,1323.3
0fe9114129c81c945c319dc5af0ed961,1322.97,1,1322.97
de4e3ce43bd5085fe445e08c68b950f5,1322.97,1,1322.97
08285c6499b42230cd7a9e5bd0242164,1322.69,1,1322.69
a56df37f1251ec47d5ad53dab3043f38,1321.63,2,660.815
06b77fff2cc4b645c3fcce45c57fa9b1,1321,1,1321
f25d770c0aae2cfe4f2538f144a15b59,1319.32,1,1319.32
63ebabf91afda8d43e0f6412fcfe6bf1,1318.0600000000002,1,1318.0600000000002
51c6848f573e6dc72a7f13433273871f,1317.9,1,1317.9
bcba7868e02e9ae817e38bd543bf503d,1317.36,1,1317.36
ce062bc310d6e7ef233195118e090f1e,1317.0400000000002,1,1317.0400000000002
f9172a6495d46451776be8bc8e46032d,1316.13,7,188.01857142857145
673e1a98d359aa4eebe7722f4864c86f,1315.9,5,263.18
573711db86c6c9e1318ab2854c63a295,1314.99,1,1314.99
1c2214f2e89df8198bc28e21bb723dbc,1314.95,1,1314.95
f384b670963f2cf3ff4909da5a5c93e1,1314.8600000000001,1,1314.8600000000001
dee18b46b57c871840488ddcc81f1ce4,1312.67,1,1312.67
c70dfb293b08af5444cf2cf527b8836c,1312.67,1,1312.67
e3b3b57caa0974d93ed5218dde2ff4b3,1311.46,1,1311.46
0bee4ef1025816711bd8c531720da011,1310.95,1,1310.95
c27fe69be20acb0c44a690e39d19ec07,1310.95,1,1310.95
35356c16fae0b391a145686820926bdd,1310.23,1,1310.23
064fb6f70338688d1372235d95d92ff7,1308.18,6,218.03
b25ff7d6964d189833a66f4f2f8b2f7b,1306.26,1,1306.26
4ad7e8137a8f2299cceb563ab66e0317,1305.51,1,1305.51
21bde4e982c4681021edabb899bcebfe,1304.3600000000001,2,652.1800000000001
be2f2a80a6cfb6001c403b7a01c87db6,1304.02,1,1304.02
91c54819f9e5ef20191322ccff6ee282,1303.5,2,651.75
84b6060d044cc7456db328c95b75ffcf,1301.01,1,1301.01
f05f7e19011117620793abe23ef771f8,1300.57,1,1300.57
b632c70b9c2c062dfacbad69e08f6563,1300.57,1,1300.57
fbd4d7e33bef85ee6e10995ad94ef88a,1299.28,2,649.64
fc0aab61ef4538d51cefcfb054fe809c,1298.1,1,1298.1
12ab9334b1240d6d037f2b0102a49571,1297.47,3,432.49
4e1cce07cd5937c69dacac3c8b13d965,1294.6000000000001,3,431.53333333333336
3b74d8b3502e3c66e17463cafb35b89f,1294.26,1,1294.26
ecdbc4bf2201c807294c7d8c4b777032,1294.0900000000001,2,647.0450000000001
233ceaabd644ab5ae86989bf16b4d70c,1293.27,1,1293.27
38d92612568ca6e3d6b478e5fb004a6f,1293.26,1,1293.26
3ab2f8203c5f8d73a1260109eb82eb20,1291.39,1,1291.39
d33979cbff02d251c453e1b7daf00d84,1291.39,1,1291.39
d387ea85dc301a91740e31360d355686,1290.88,4,322.72
fb5326fd8dd9f7f52bae66d01fc54936,1290.79,1,1290.79
d5174582d64f45f60fb275eb5e4e085a,1290.32,1,1290.32
778a607e77be028910e557f6f608611d,1289.5,1,1289.5
2592789c0e70f4d2af39afae4dd431ec,1289,2,644.5
9bd3091ad5fac62f6389eacf9af4c571,1288.74,2,644.37
6bc964ef3bd0be200b241a1910bed144,1284.78,1,1284.78
416c7355fe18f17d41770301769f3fe9,1284.25,1,1284.25
198dc221b76657718f8c38d49daa83c9,1284.25,1,1284.25
152dc3cb53d3e3bb539500342e37f3b2,1281.12,1,1281.12
a6d07e9af5c1a10994f572c37b3cac59,1281.12,1,1281.12
401da002e87b8f5700cb44af044ca0bc,1279.1000000000001,1,1279.1000000000001
d132b863416f85f2abb1a988ca05dd12,1276.52,5,255.304
3c08208c1c33f579bd243d16e095d762,1275.39,1,1275.39
1a7928a944f6c13daa6174dee2c6bd30,1274.51,1,1274.51
5457ae2c352c18e3bf5cba68301d96a8,1274.03,2,637.015
cfe81af64110c8dc0d10459aaf9e3864,1273.16,1,1273.16
797dfdfe7186f9a2d613ae341c170713,1272.76,1,1272.76
5ef749f2915e7196dba56703be6d9eaf,1272.67,1,1272.67
415ac2824b13b33c13d9d0180050cb6f,1270.7,1,1270.7
f937a59ce3711b1cf5bcb7491fadae10,1269.5,1,1269.5
e35b2a3c980b6e0fc66c66b8e1122e93,1267.1999999999998,4,316.79999999999995
f82be7dcd0ff430255f7b521413ea98a,1266.94,1,1266.94
9eceb9f7c2bd232366d8b271461849c0,1265.83,1,1265.83
e302c322902a96b16c819192d228f57c,1260.76,1,1260.76
905d074d367922a5b2a7b828108a8941,1260.76,1,1260.76
7249013c9e600dd351fbb2c074d85c6b,1260.65,1,1260.65
3246cc1ffb8b0e719e5ba4db0443185d,1259.0400000000002,1,1259.0400000000002
b1324928500c7eb187957630199b6113,1258.73,1,1258.73
e724a8be5b7ecea71e80b27541edf7d1,1258.23,1,1258.23
2de3c52d71a127ef29e31067f8216447,1257.96,1,1257.96
e0ec68a8b0e7ef75d72bc0dc54aba121,1257.96,1,1257.96
7e0516b486e92ed3f3afdd6d1276cfbd,1255.71,1,1255.71
6940ba069c2c25350ea9e059b35d7d23,1255.43,1,1255.43
33176de67c05eeed870fd49f234387a0,1254.01,11,114.00090909090909
919ea99f96e6aeab15e0cd635da849e0,1253.86,1,1253.86
e015ce18751465bc79eeabbe3f0064d5,1253.0299999999997,5,250.60599999999994
8460af5aae7f05ab7dc46830fd995669,1252.81,1,1252.81
62a459e5629b03dd73134964df732077,1251.7,1,1251.7
7205d0e91463af8c4d0fb5a7ac8b6487,1251.44,1,1251.44
648c4c2cefed3d28d6af80b6ddbd7563,1251.02,2,625.51
90388457aee662815a374617d4eb475c,1250.81,1,1250.81
6f038d97763c80191934b0c1497bbcf9,1250.81,1,1250.81
7d7dab6fdf5d47278f2390976eba4b74,1250.81,1,1250.81
402a7717482f5f9be79614db6042aef0,1250.81,1,1250.81
df1710893e1797d2c3d83b8840ddb0e4,1250.81,1,1250.81
36414dc6b57449efcd078f612e0da33f,1250.42,1,1250.42
cbd08b04b3f301152b7570da5e9c8cc4,1249.87,3,416.6233333333333
6130b2b1b5ad417bf024f4fd8b7e5054,1247.96,1,1247.96
6b99d13a1a3299af3a6261bc1263d3e5,1247.36,2,623.68
60103f7968de921c5147233a6885185c,1247.2900000000002,1,1247.2900000000002
b045295488236fa73d8d9c37dc4b03e7,1247.13,3,415.71000000000004
37bc3d463e2a0024012a7fa587597a3c,1246.95,12,103.91250000000001
0af81771d11ef9e0807a929428f9558d,1246.9,1,1246.9
2429bb51d20f9cb48f7df927a0199959,1246.42,1,1246.42
3b0610a6b6c37bf5e849e71914f238c6,1246.34,2,623.17
e4f9bcad0c607f8793a0cd5943d11dd4,1245.09,1,1245.09
949a5efc8cd62cbe3888026bd0ddd1f6,1244.74,1,1244.74
af8569990cc48ad6c010776bf9c3986a,1244.1200000000001,1,1244.1200000000001
5f7f0d66e0f4c4ced578a53f2e0b2264,1243.66,1,1243.66
33de26d1fafbfd4945eb586f7136efe6,1242.5700000000002,7,177.51000000000002
7fe33c78f78af66702aa8acdd82ffb55,1242.54,1,1242.54
0480fb293e9b6ecd62e3696ef83dcf96,1241.19,1,1241.19
c83a0fac41694e3ff9ccd2bd61a1a892,1240.85,1,1240.85
c106df929ba7c1b2dcbf7af4d0d60ee0,1240.85,1,1240.85
06aba183cd0d3861cba60604ec558c01,1240.85,1,1240.85
75aa3869be687c067553853b124bbd2d,1240.85,1,1240.85
6c6c296e1853f83bd38e8b55eddeb2b8,1239.94,1,1239.94
142d5012ea65ce29d5da43345b01ae0a,1237.81,1,1237.81
cbbe4b5beeea8b05dae43cfd1a73e6d9,1237.81,1,1237.81
ca6d9bc2e717c2a0aa19d77a3bfa5398,1237.39,2,618.695
f34cd7fd85a1f8baff886edf09567be3,1236.76,4,309.19
95295e9cda1d086d82030c9485f14c74,1234.6200000000001,1,1234.6200000000001
c114c44566c2d172b520bc3c8785ffdf,1234.6200000000001,1,1234.6200000000001
3f06fda2dc41472d9b29a76ab8321006,1234.6200000000001,1,1234.6200000000001
e3ec2f7923b9043340423af694cb6c81,1234.15,1,1234.15
1e497c35c31d2c947d234488eac62e87,1233.42,1,1233.42
b61b38d88ef98dd66fc100efabad2557,1232.85,1,1232.85
38589c29dc87cf47d66d8410af1bebbd,1232.85,1,1232.85
9b0032ab4433b42478125e1b78af92b9,1232.85,1,1232.85
22770768e9c650851b78132a4d881128,1232.85,1,1232.85
311787523e8a6ac3c3edc54c301c3a52,1231.52,1,1231.52
a6b61ba2ddd9a18d0256d3396c5d5f02,1231.2900000000002,1,1231.2900000000002
32c8b7929168aeff057dcb2255a3dedf,1230.2,5,246.04000000000002
09e9991c50513a303a2da26619870d7f,1230,10,123
d5419994a02a55d4b7cd00e77fabdbae,1229.43,2,614.715
87bbba8720d775549bec72aaec36ff19,1229.19,1,1229.19
0cb6bcb4572e64a3394ede6448db0482,1228.73,1,1228.73
2e9e0d2396e2ed1a9b9180a1e8300cfd,1228.03,2,614.015
0a834292f8691cb3cdc64caf600c61c9,1227.98,1,1227.98
7b7a886f0445009847efbd1fac86c093,1227.89,1,1227.89
3a52bcffd7c61ceddbe72f54df9cec5b,1226.8400000000001,1,1226.8400000000001
aaa32d09fdb08f6c25a8a39679fddb70,1226.18,1,1226.18
f62c860473cbb51bca3cac597d7b4d27,1225.99,1,1225.99
a8782b0257ca3ed5cd665f5e7a0bb0c2,1225.5900000000001,1,1225.5900000000001
06b6656e6aba924b64a5d671d1b1ec2e,1225.5900000000001,1,1225.5900000000001
e271fa40aa8fea4e0f304b3768b65d6a,1225.08,2,612.54
843e48262061b0b390b99a05b40ab0fa,1224.8700000000001,1,1224.8700000000001
c36740798c2d886ebab52b948e2b4f4b,1224.1,1,1224.1
e557f27be2ff15a34d71e2932d83bea0,1224.0600000000002,1,1224.0600000000002
c27b3b31889d6298101191434c42b44d,1224.04,1,1224.04
32cb21bc086b7b1b26c8d8a6cf2d35c5,1223.7,5,244.74
f33baa86aa2c92e4af383e14b42913ce,1223.6000000000001,1,1223.6000000000001
55ab20e989d0c5b1525c66e47af087a9,1223.0600000000002,1,1223.0600000000002
76265a1cb8a13604fda3632daf9db6c7,1223.0600000000002,1,1223.0600000000002
614020cc1e7dc4f8a5fd38ad06bf6cbb,1222.94,1,1222.94
e876149e8061c041c42de31b4b74da37,1222.8000000000002,1,1222.8000000000002
e403044f5e830582e39dec1f4aefcf56,1222.46,1,1222.46
9d12af31b368c64151ba9f2177d4ea2f,1222.15,1,1222.15
2e84e96b60a44cf2226f416f7b56d031,1221.52,1,1221.52
32d935537fb268d349d5d14d7e778a2d,1221.39,1,1221.39
05292bc3f6db7fd79133285a32a82d53,1221.39,1,1221.39
1494a353bdaf53ecc67c37956a57d929,1221.39,1,1221.39
8733d5194de65480195c9afdc3bf8881,1221.28,1,1221.28
a1382f97cb0cf468fc4f3f63e88d1542,1220.73,1,1220.73
1d76532b1b78101db23eea9a68c5a442,1220.72,1,1220.72
653301d19e839ce1441415f656244435,1220.64,1,1220.64
3e45a109987cde39a119cd1a7eade7ea,1220,1,1220
4644f1b187e390a08b4c66fb16c91364,1219.32,12,101.61
0aadc1d26d1c8b88a52c39a533ccea93,1218.7,6,203.11666666666667
aaedf12224e003d5c349202461059c8b,1218.3400000000001,2,609.1700000000001
d10fea7c0237da4a4e1871b0eb49c0eb,1217.78,1,1217.78
d847d66f1135608cc13cb31f967f902f,1215.42,1,1215.42
a5afb1cd8d3b8126d2d39a7a29880c09,1215.15,2,607.575
3442a61b2d5bfd9d605d6943701ad650,1214.78,4,303.695
ed9d56556693e0497814d1ff8607179d,1214.65,1,1214.65
51b406ecf979a9fbbd0a879286210195,1214.06,1,1214.06
e36d108281c19ba00d15de8880a51b69,1210.62,1,1210.62
5fe66773a91813adf33a391762abca74,1206.34,2,603.17
a35a5dd77ca1643b8f45340f5cd94606,1205.79,3,401.93
b052fa7d7e0a1fab33e1a2633ff40252,1205,4,301.25
2573467bea86fae9af4db442a1ef23bc,1203.89,1,1203.89
c4c35b9d3d1e2564334d3154ff7d28a5,1203.68,1,1203.68
44fe005d35d016299a6e515c312c292a,1201.55,1,1201.55
ee762d128dc459cd6be2257f85653b60,1199.47,1,1199.47
f9530f49c87c33af8b3ac5300b550d95,1198.89,1,1198.89
143b3bef03194ac68037506e6fac66a4,1196.78,1,1196.78
6bb535b0906b43e0041916897667aeed,1195.23,5,239.046
0ec5bddf9b389fa7c737a2db61b6577d,1194.38,1,1194.38
ae27f6bf595c66ba93b3aa1aabd83597,1192.48,1,1192.48
8f90c831457ba0cf3172a739494f5640,1192.04,1,1192.04
2846c0c6219403dd2c92c53ffa41453b,1191.4799999999998,6,198.57999999999996
4c4b5dc90eb4e33188153ca3e7999f92,1189.3400000000001,2,594.6700000000001
e246473a236ca29747182e7986dbdb7a,1186.58,4,296.645
9192e3c1a19dff9d0fd083d2d1a08398,1185.58,1,1185.58
d2ecc28fac1b377eefe7b209a895626a,1183.46,8,147.9325
a7a0f4f2b101a999f584d93cef692b2f,1183.36,1,1183.36
c9e65162671f920f88e4f689366b62fc,1182.3100000000002,1,1182.3100000000002
bbf79cc2761d5dd29a99fcc49e00189e,1181.11,1,1181.11
37d2bd687b1dbd293de12633b9160f3a,1180.51,1,1180.51
eeca0a04eb9335415403230a0724d062,1175.5800000000002,1,1175.5800000000002
b9467743ef3bdb1e53f18199f809ed1c,1175.5800000000002,1,1175.5800000000002
45df9701a19ffdd972ae2c39b0d10edc,1173.84,1,1173.84
dcf5ec1c1ed0ae75ec58cd522d210a0f,1173.84,1,1173.84
729f94f1736784228b7b69193fc2e880,1173.71,1,1173.71
aada65f37d70fd659662a2fdc9b5ce45,1173.56,1,1173.56
8b4870d5e710991db0eb07f29084b00f,1173.11,1,1173.11
3e43e6105506432c953e165fb2acf44c,1172.67,14,83.76214285714286
9a333bab1b87584cfde9ecc05b7aa668,1172.45,1,1172.45
5193199e9fa14917b155ca22087f1ca0,1172.45,1,1172.45
582af3879be5c1f566b1fbae2cd0e547,1172.45,1,1172.45
2461b6b13582d11fa2d7a2c20c6b921f,1172.26,1,1172.26
589acbf5a83a1545b7b1956065ac2fa7,1168.71,1,1168.71
ac520dc7cb6f47563c95f9f2324a567c,1168.71,1,1168.71
ba57f513bb30f77cb352b1f6d1da6c37,1167.04,1,1167.04
b92f5d1993438887dea8aac081e3a0f5,1166.44,1,1166.44
e6aede5b2818df1b512845c729cf7463,1166.43,1,1166.43
e490e6ff8808446e7b6c9f39ea5926ef,1165.99,1,1165.99
b7a035bbaa15467c17b1a94adc820913,1164.62,2,582.31
49482ea59e5df9ca522b982c7518dcaa,1163.25,5,232.65
2b732aeb1a2c70bcc9c94e24fe3713fb,1162.88,1,1162.88
fc73438d7164cec52a643a09b10b503e,1161.18,1,1161.18
61e6adf3c4468005ccdf21ce63f14e73,1160.77,1,1160.77
b34584b6d24d0f58b1b4ebcfc0cbb0a6,1159.65,1,1159.65
d48d38cf62245af9640114e393a1a50a,1158.99,1,1158.99
f2bfa88061180ef63be4520ed4566e29,1158.54,2,579.27
19aea75555d5e6b749ac505a0ae784fa,1157.6599999999999,2,578.8299999999999
a12fc54cae982f13145a7c826cce10a1,1157.41,1,1157.41
c8ed31310fc440a3f8031b177f9842c3,1157.28,10,115.728
1e10e23a3c7357443557e7f3ea7ee96e,1157.19,1,1157.19
23eeaf77f8c29ea22ced2a3fa0bc360b,1155.56,1,1155.56
35ee1e377c72035d0556e11e1da4cb87,1153.09,1,1153.09
a626420a40f09529d6dc67cc76e1b213,1150.8,3,383.59999999999997
0228e299d1cabeaf9be64b5ccd784c97,1150.54,1,1150.54
423c97d9d31e2a7b92a345381c672b53,1150.11,1,1150.11
30dfe23e1ee3c31f7af260ed5459b930,1149.83,1,1149.83
4e447212d2b42b678e2ea168210da06a,1149.83,1,1149.83
1073528f48c54d7e185df57a6ee88448,1148.8799999999999,2,574.4399999999999
78ad39e87476ac52f150e22ecbd31aed,1148.75,1,1148.75
b5435c9ba16cf0cfcb89af488906838d,1147.55,1,1147.55
599f1549623f622cb0d46bc32b00332f,1147.5,1,1147.5
41ef6bfcee3f50fe3d886cf23a0e2481,1146.2,1,1146.2
544bbae01f9405564f40ae1af55cf9d1,1143.22,1,1143.22
f9ae928da15e82a3fc6f97b3751ebea2,1140.82,1,1140.82
449f7f967e09fc1d188234eefb6cb5e9,1140.82,1,1140.82
d8c9bcfdb052d3431868568f91eece65,1140.58,2,570.29
14b24b9cfd122ce1f873c7834185b603,1140.23,1,1140.23
2d1fbbd5413f3c6ecc454ad1754a7e42,1140.15,1,1140.15
f4b8c62563542dad472e6868bf8267cc,1140.12,4,285.03
93d21068a4b6b2beb2c3cc9d44f948c0,1139.27,1,1139.27
b7dfe0920bbd2c5fc78ce89e7363d48c,1138.39,1,1138.39
8e323c75fdec6658ed2933b3f2ecc33a,1138.28,1,1138.28
5793f9d7d53ad4c54032da6fa3069834,1137.56,1,1137.56
2243a3db312c9b0480cdd0ce1614006a,1137.11,1,1137.11
e01b3c992c8dc49d8da704418d4dc548,1137.11,1,1137.11
3fd1cd4e9f4ca2e7e81718c1642a5a6f,1137.11,1,1137.11
f085d32f56ff8cd1c24ea9eb43ec9edc,1135.89,1,1135.89
91dd3e913cf5d632ce605a3689a5126a,1134.44,2,567.22
737effb3cd0439f1954ff28fa106022f,1133.96,1,1133.96
f8f4320123760e8cd9e3c99c68f38a42,1133.6200000000001,1,1133.6200000000001
6c2dbbeb634605dc4cf25ce12ab038c0,1132.63,1,1132.63
2b40bf9f14aab6d327d27d8d3752f672,1131.73,1,1131.73
8bb910cd8c3b29e4acf2e94e3aaffbbf,1131.08,2,565.54
98bc0c9e1294eb19f3ba7827581a7185,1130.03,1,1130.03
e94ee7db9f05d0ddfd629d6deaa027b6,1129.9099999999999,1,1129.9099999999999
2214477bc746c01d7e790dba816a9a2c,1129.85,5,225.96999999999997
903e36e2f9d5ec112ba8b374216a192a,1129.57,1,1129.57
dcbd8e9f8083a2c1545ff6083e493d99,1129.41,1,1129.41
e78005eaaa21fdbdd32d4c7d0c825c68,1127.5,1,1127.5
7a4a9aa0d9218320db34205e04d29b03,1127.29,1,1127.29
2b3db2208861fc893211c977bf3d0244,1126.64,1,1126.64
5340f5bd348f19d58f217d76d42c5f86,1125.8999999999999,1,1125.8999999999999
c0290b1feb7aabd93bb97cde3a0e8a58,1125.58,1,1125.58
41c3c9562b8a80d747fe2bd3c749640f,1125.58,1,1125.58
3577e91a3448cac21a38effb2f0bbdb7,1125.57,1,1125.57
10c6d7016b3248e3d1be1aa917f8909e,1125.55,1,1125.55
29bafed2dc1ef578fea615d3a3176902,1125.55,1,1125.55
18ac369326ec0aafe3ae0e397b14102b,1125.3600000000001,3,375.12000000000006
c3d0ee564fc089ca29e86029511c3d62,1125,1,1125
c0ad7fbbd3bfcfcf62a27e4d970c7f90,1124.96,1,1124.96
7f9bfee0390154778b2d2c4f06b50c14,1124.8700000000001,1,1124.8700000000001
879f6c483f822dc770e5ff5c7b0e532a,1124.79,1,1124.79
63c78253a65d7ae0ade8cf3282a2b190,1123.8600000000001,1,1123.8600000000001
4db829ea74098f66e7e312dbf32ae768,1123.13,1,1123.13
62faa9161d76613338c9216581e7ee1e,1122.86,4,280.715
ca77025e7201e3b30c44b472ff346268,1122.72,12,93.56
45e5e1715b795757d22448692cc8dd5a,1122.45,1,1122.45
c37b132f9c63622c1305a629a6fc1976,1121.44,1,1121.44
561d12b11588768ed517a0357a98c42e,1121.42,1,1121.42
98fa2abe60ee24b1207a9fa5ec0d4667,1120.8400000000001,1,1120.8400000000001
a7f2edcd60f0eeb573b439042bcad226,1120.3700000000001,1,1120.3700000000001
684a5af2fdb1b2f2e74df1660a897e7c,1119.9,1,1119.9
56b8af759a9a22c74b312662e0eade73,1119.77,1,1119.77
5a6d092525ea183026c9b405b903fe0c,1119.6,1,1119.6
32b15895df6710a7c20f648a0a2bdd10,1118.05,1,1118.05
c88c65274af4cadc8b55eedcbc9d9581,1118.05,1,1118.05
3f915483f465fd1db2736065b0295d37,1118.05,1,1118.05
0d8202144f518a0892806572cc6f3cf5,1118.05,1,1118.05
97e42e3e7b1f76dd3c04a0aac41e3173,1117.99,1,1117.99
f601dac3f9108158f75cb1418af5a5a9,1116.8100000000002,1,1116.8100000000002
2d48cce6ed77d4963cbf11a7bbc979df,1116.69,1,1116.69
663e9fc2ff0fe9e5cf1f4427f321e75a,1115.48,4,278.87
f4bfa7d75a394df13adaa6b672dc0407,1115.45,1,1115.45
7b4a91076722dc7d9922d8645b65ff89,1115.37,3,371.78999999999996
5e8f38a9a1c023f3db718edcf926a2db,1114.18,5,222.836
5ab99f2f9851b35df207c38655eb25b1,1114.03,1,1114.03
f2c91a2cf8ce8e8cd3c26cc26fa7bdf4,1111.61,1,1111.61
753fd2847cd950be551bee66c494d8f1,1110.5900000000001,1,1110.5900000000001
5315df33fcaf24f1ab1a6dd8a1c7b937,1109.3,1,1109.3
7b9b082ceaa61d7bc565cdad86597669,1107.96,3,369.32
6aa1b0c278be1b6dfb6afa6161f26852,1104.93,1,1104.93
7b06939062a079425ad83f54c98eec7e,1101.83,1,1101.83
2bfb5880bfa061bee717d6c3a41c5b7e,1101.6,1,1101.6
ae2189793d5c0004461b896e52abe4fe,1101.51,1,1101.51
1522db025aa5d6fe7db87e3505b64023,1101.51,1,1101.51
d854ba792104d8a708262d182058a4b3,1101.51,1,1101.51
48670599c793cc443672fdda6de38d9f,1099,1,1099
d50400f697ee951d603219bc33e5833a,1098.62,1,1098.62
54982b0c374191195d5f433c7cccae90,1098.33,4,274.5825
71a06ac25e00c414c23e1cd105a2b1b5,1097.94,1,1097.94
eca61ae704cc5ecddd7a6e558b6f04b1,1097.6999999999998,3,365.8999999999999
f2acfcdc8a8c0c24db90cf7a71eb9d05,1097.17,1,1097.17
c5dde81a4c503e4f3ad33d87bc314185,1096.98,1,1096.98
549ba5d32f94af00287a601a42c53ff9,1096.41,1,1096.41
98a46f046c9ffe7964933b1f80311904,1095.65,1,1095.65
dbaf6869afbfccb179455cd72c936bd6,1094.37,1,1094.37
792cd65e93c8777a8e8a871e348b3b2d,1093.93,1,1093.93
956abc21591ba4a89d91989597554b77,1093.52,1,1093.52
ec25f363e181051a5e191e70c534029e,1092.74,1,1092.74
1d42fa98222a04f976b518089b300274,1090.68,1,1090.68
96f9779ab3aada4f274112897f433d1d,1090.68,1,1090.68
9433a8f8dc53df230460bbde1f7cc734,1089.96,1,1089.96
fa0dcaa81d1e6a124c022fcb0354d49d,1089.96,1,1089.96
b1972e951abdf114b6ebc0182b3b31c6,1087.44,6,181.24
5e9b9a8a03e7eb90d53d2ef2592b7d53,1086.08,3,362.02666666666664
fd7069cf6891edbf32ba84c9c3f083d4,1085.3,1,1085.3
875494cee8ca0aea8a8de2bd84e67086,1084.71,1,1084.71
452afebe487ec1030b322915f4daf2eb,1084.71,1,1084.71
3873d6793389adcab8208fc642d9a356,1084.71,1,1084.71
32afcac85e2ba27b9db02f95529a9e2e,1083.96,1,1083.96
b4fde3f3fc1d0fefcc047c7fe0454c93,1083.7800000000002,1,1083.7800000000002
29bbf509bf085413d69208f1547f76e0,1083.2,2,541.6
6809546a09581ad767fb395756664fc3,1082.66,1,1082.66
3961601c287bdf0fe34304b40c5692d4,1082.66,1,1082.66
1c29d6a67b493c85043b7252908b095a,1082.51,1,1082.51
d0ff23ecd52e29e9426030163ee07a09,1080.56,2,540.28
4da48d50844a6b56fb74a654842d1f7b,1079.98,1,1079.98
487e7e69517aa5d6fe673aa3d46acf06,1079.75,5,215.95
e39a7d7fd722668fe4c6b9873ee72638,1079.71,1,1079.71
f0f8fdb82b298c54b772345315e19e49,1078.92,1,1078.92
6d107617e509701446292309521f1c22,1078.43,1,1078.43
c143eafe10719dcc7dc0a855b2e3554d,1078.16,6,179.69333333333336
b849bcdedd839c253865da632ecee2e7,1077.41,1,1077.41
8eec3ba32330105307cf0eaad32f3f1b,1076.76,4,269.19
6b7fd1a98c714682c762c8ac19624dbf,1076.45,1,1076.45
29765d0cf37b86c4abb8b0336b387c65,1075.83,1,1075.83
1ff3cb11d59e1782c6fc95912849a62d,1075.74,1,1075.74
de556953f937147c125f4b9bb95f815c,1075.23,2,537.615
49e30036e0a9b1d35c61e3095d05e263,1075.12,1,1075.12
3f518f50ece5918cffdb4874032f7b34,1072.59,1,1072.59
42e839cab098ef782fd83d6c5b391049,1072.59,1,1072.59
3d17b748f8eed69a279e77fa3c10b20b,1072.41,1,1072.41
02ff3aee636a9ee1c1fef271daa0bc07,1071.1100000000001,5,214.22200000000004
083e14981d81da62df32871d3c1eaab4,1071.1,1,1071.1
36d8163d058b1fef06dbe40506eb8aa4,1070.74,2,535.37
08d2c4fec63aa9ea247577680883926e,1070.68,4,267.67
81865792a5df52436b4e759b4ba21412,1069.77,2,534.885
d38553a9c8d30efc45e02381e606740f,1069.41,1,1069.41
e105dec92cee6465244879914c792707,1069.22,1,1069.22
8ff6b2d323035798f793f022fd5e57ff,1069.04,1,1069.04
605741a874b6b50b5c346846107ca075,1068.5,1,1068.5
a0a261a0b673cc7dd5f7d34e80023ff2,1066.8600000000001,1,1066.8600000000001
7cc7d622f03de2065576bc49db8a72d0,1066.08,2,533.04
a2b0bd17e5e3004764dfc68211ef94a3,1063.75,1,1063.75
e6e1fd539bd2d78fcfb9c24ba6e1dcf5,1063.09,1,1063.09
b7186bbdd5132b6156a956e934e3592a,1061.76,1,1061.76
108a6b4a2280331533fa05382ad4c3de,1061.56,2,530.78
9544cf61893f5e6323ac99cf22ca418f,1061.52,1,1061.52
b2aa555ce3ce0bfba30f48652b8d22e4,1059.25,1,1059.25
b49bce5690603fca67082d3c8a27d2c8,1058.78,1,1058.78
c230d0a507ccf302b339305e2acf3376,1058.1,5,211.61999999999998
9f3421bef3e901d5e45f6f1e54662442,1057.88,1,1057.88
eb236ab2dfa54515610c137e1cf493aa,1057.4,1,1057.4
f4c9f17baaf056a2b3b34ca484270e24,1057.29,1,1057.29
ce69ec71365638934e125300dd5e2d50,1057.2,1,1057.2
08e5b38d7948d37fbb2a59fc5e175ab1,1056.33,4,264.0825
19bedfc18c92d4e7eb6ba318a6c2033c,1056.1999999999998,3,352.0666666666666
345759b8cb3d30586551de1ca6905df0,1056.12,2,528.06
ee2f423348d2b22b19bff9446cf39f2e,1055.92,1,1055.92
57a9710140308083e02631614ea5a5b5,1055.86,1,1055.86
51b366f13a520cec29f53bdf21251ced,1054.6299999999999,1,1054.6299999999999
799d07fb5038b68052e46cec15184806,1054.6299999999999,1,1054.6299999999999
31d1ec8fb80004b9a556acace88a9468,1053.84,6,175.64
a2d396dd46cfb15b4bac087f6a9ad555,1053.74,1,1053.74
15ee900ec703c9a10082b12bcbdcb307,1052.49,1,1052.49
62dfd7fb99b98c3ff0bcd6776a261549,1052.36,1,1052.36
7b50def89c51f42400b796d7787ed658,1052.14,1,1052.14
c9f3502cccf5585cea25aa7de58f6cb5,1050.0000000000002,7,150.00000000000003
6f932f011a8e866d632f58cc7580a7f5,1049.53,1,1049.53
f34129f3c90f0243ed1e0ecdcebd532a,1048.7,1,1048.7
94431ab24129f0060b53a89cfd62462f,1048.64,2,524.32
f4cd46b03c2a57ccee26a2ec82631daf,1048.57,1,1048.57
a109f435b9d28761c7a3024094369103,1048.57,1,1048.57
fe2b2f70f3dc31c23319ae1029eac77f,1048.29,11,95.2990909090909
